Person 1,Person 2,Anniiversary
Nicolas Garcia,Chris Dunn,1981-05-11
Jared Richardson,Katelyn Mason,1981-09-23
Jennifer Flores,Erika Gardner,2018-08-04
Lauren Gonzales,Tina Rivera,1984-11-29
Holly Gibson,Kim Reid,1997-07-01
Andrew Hartman,Sharon Williams,1989-08-22
Julie Parrish,Matthew Jordan,2012-07-09
Sherry Beltran,Keith Mack,1996-05-21
Robert Meyers,Justin Smith,2004-07-24
Colton Calhoun,Jennifer Caldwell,1986-02-22
Jennifer Lindsey,Ashley Martinez,1981-04-25
Willie Mercado,Patrick Richards,1990-05-13
Dr. Samuel Ramsey,Jean Downs,1981-12-07
Joseph Richards,Christopher Harris,1991-09-10
Lisa Olson,Rachel Zimmerman,1979-03-31
Tina Rivera,Jennifer Dillon,2023-12-12
Sharon Garcia,Clifford Goodwin,1982-11-28
Sarah Norris,Anna Mcintyre,1991-07-04
Mr. Joseph Brock,Jeffrey Rodriguez,2012-11-28
Janet Davis,Michael Cordova,2009-09-15
Phillip Jefferson,Jennifer Powell,2013-11-28
